experiment,best_epoch,best_val_exact_acc,best_val_char_acc,best_val_ned,lr_at_best,sec_at_epoch
baseline,54,0.988800,0.997829,0.998232,0.00002447,18.65
A_w075,53,0.987200,0.997343,0.997820,0.00003321,15.69
A_w125,55,0.989400,0.998171,0.998300,0.00001704,26.78
