experiment,best_epoch,best_val_exact_acc,best_val_char_acc,best_val_ned,lr_at_best,sec_at_epoch
baseline,54,0.988800,0.997829,0.998232,0.00002447,18.65
C_fixed,53,0.984000,0.997286,0.997370,0.00100000,18.50
C_step,35,0.987200,0.997971,0.997986,0.00010000,18.53
